Workbook
Name _GoBack: 'Surat Tugas'!#REF!

Sheet Surat Tugas
C1: KEMENTERIAN PERTANIAN
C2: BADAN PERAKITAN DAN MODERNISASI PERTANIAN
C3: PUSAT PERAKITAN DAN MODERNISASI PERTANIAN PERKEBUNAN
C4: JALAN TENTARA PELAJAR NOMOR 1 BOGOR 16111
C5: TELEPON (0251) 8384105
C6: WEBSITE: perkebunan.brmp.pertanian.go.id E-MAIL: brmp.perkebunan@pertanian.go.id
A9: SURAT TUGAS
A10: No. /TU.040/H.4/9/2026
A11: Tanggal : 30 September 2026
C13: Nama | D13: : | E13: Dr. Ir. I Ketut Kariyasa, M.Si
C14: NIP | D14: : | E14: 196904191998031002
C15: Jabatan | D15: : | E15: Kepala Pusat Perakitan dan Modernisasi Pertanian Perkebunan
C16: Unit Organisasi | D16: : | E16: Pusat Perakitan dan Modernisasi Pertanian Perkebunan
C17: Kementerian/Lembaga | D17: : | E17: Kementerian Pertanian
B19: Dengan ini menugaskan kepada nama-nama tersebut dibawah ini :
B21: No. | C21: N a m a | D21: Pangkat/Golongan | G21: Jabatan
B22: 1 | C22: ='Permohonan Perjadin'!C15 -> Dr. Ir. I Ketut Kariyasa, M.Si. | D22: ='Permohonan Perjadin'!I15 -> IV/d | G22: ='Permohonan Perjadin'!F15 -> Kepala Pusat
B23: 2 | C23: ='Permohonan Perjadin'!C16 -> Hamdan Mubarok | D23: ='Permohonan Perjadin'!I16 -> V | G23: ='Permohonan Perjadin'!F16 -> Pengadministrasi Perkantoran
B29: Untuk :
B30: 1. | C30: Melaksanakan tugas dalam rangka | D30: : | E30: ='Permohonan Perjadin'!E23 -> Menghadiri Undangan Acara Munas Dekopi dan International Coffe Day 2026
E31: ='Permohonan Perjadin'!E24 -> 0
B32: 2. | C32: Tanggal pelaksanaan Tugas | D32: : | E32: ='Permohonan Perjadin'!E26:F26 -> 30 September 2026 | F32: s/d | G32: ='Permohonan Perjadin'!H26 -> 1 Oktober 2026
B33: 3. | C33: Biaya Perjalanan dinas dibebankan pada DIPA Pusat Perakitan dan Modernisasi Pertanian Perkebunan
C34: T.A 2026, MAK : | E34: =Lampiran!I5 -> ( 7912.AEA.001.051.A.524111 )
B35: 4. | C35: Setelah selesai melaksanakan tugas agar membuat laporan tertulis mengenai hasil-hasil pelaksanaan
C36: tugas paling lambat 1 (satu) minggu setelah bertugas.
C38: Demikian untuk dilaksanakan dengan sebaik-baiknya.
G40: ='Permohonan Perjadin'!H29 -> Bogor, 30 September 2026
G42: Kepala Pusat,
G43: Kuasa Pengguna Anggaran
G46: Dr. Ir. I Ketut Kariyasa, M.Si
G47: NIP. 196904191998031002

Sheet Permohonan Perjadin
C2: KEMENTERIAN PERTANIAN
C3: BADAN PERAKITAN DAN MODERNISASI PERTANIAN
C4: PUSAT PERAKITAN DAN MODERNISASI PERTANIAN PERKEBUNAN
C5: JALAN TENTARA PELAJAR NOMOR 1 BOGOR 16111
C6: TELEPON (0251) 8384105
C7: WEBSITE: perkebunan.brmp.pertanian.go.id E-MAIL: brmp.perkebunan@pertanian.go.id
B10: Bersama ini kami penanggung jawab kegiatan : Pendampingan Program Strategis Swasembada Pangan Berkelanjutan
B11: Mohon dengan hormat untuk mendapat SURAT PERJALANAN DINAS (SPD) atas nama sbb :
B13: No | C13: Nama | F13: Jabatan | I13: Pangkat /
I14: Golongan
B15: 1. | C15: Dr. Ir. I Ketut Kariyasa, M.Si. | F15: Kepala Pusat | I15: IV/d
B16: 2. | C16: Hamdan Mubarok | F16: Pengadministrasi Perkantoran | I16: V
B21: Sesuai dengan SURAT TUGAS , No. /TU.040/H.4/9/2026
B22: Tujuan | D22: : | E22: Jakarta
B23: Maksud Perjalanan Dinas | D23: : | E23: Menghadiri Undangan Acara Munas Dekopi dan International Coffe Day 2026
B25: Lama Perjalanan Dinas | D25: : | E25: 2 ( dua ) hari
B26: Tanggal Berangkat / Kembali | D26: : | E26: 30 September 2026 | G26: s/d | H26: 1 Oktober 2026
B27: Kendaraan Yang Dipergunakan | D27: : | E27: Dinas
H29: Bogor, 30 September 2026
B30: Mengetahui / Menyetujui | H30: Pemohon,
B31: Pejabat Pembuat Komitmen | H31: Penanggung Jawab Kegiatan
B35: Rifki Zainaldi, S.E., M.M | H35: Dr. Ir. I Ketut Kariyasa, M.Si
B36: NIP. 197712072011011002 | H36: NIP. 196904191998031002
A38: CATATAN ANGGARAN
A39: JUMLAH ANGGARAN | F39: TOLAK UKUR ( 7912.AEA.001.051.A.524111 )
A41: 1. | B41: Biaya yang telah dipergunakan | E41: Rp. ...……………………
A43: 2. | B43: Biaya yang akan dipergunakan | E43: Rp. ...……………………
A45: 3. | B45: Sisa Anggaran s/d sekarang | E45: Rp. ...……………………
A47: 4. | B47: Sisa Persekot | E47: Rp. ...……………………
B50: Diterima | D50: Tanggal /Tanda tangan
B52: Verifikasi
B53: Bag Perjalanan
B54: PUMK Perjalanan

Sheet Lampiran
A2: DAFTAR NOMINATIF
A3: PEGAWAI YANG MELAKUKAN PERJALANAN DINAS
B5: JUDUL KEGIATAN : | C5: Pendampingan Program Strategis Swasembada Pangan Berkelanjutan | I5: ( 7912.AEA.001.051.A.524111 )
A7: NO. | B7: NAMA | C7: Pemb. | D7: Tujuan | E7: Tanggal | F7: Tanggal | G7: Lama | I7: Satuan | J7: Jumlah | K7: Tiket / | L7: Transpot Lokasi | M7: Penginapan | O7: Uang | P7: Total
C8: M A K | E8: Berangkat | F8: Kembali | G8: Perjal | O8: Repre
A9: 1 | B9: ='Permohonan Perjadin'!C15 -> Dr. Ir. I Ketut Kariyasa, M.Si. | C9: 524111 | D9: ='Permohonan Perjadin'!E22 -> Jakarta | E9: ='Permohonan Perjadin'!E26 -> 30 September 2026 | F9: ='Permohonan Perjadin'!H26 -> 1 Oktober 2026 | G9: 2 | H9: Hari | I9: 530000 | J9: =G9*I9 -> 1060000 | O9: =150000*2 -> 300000 | P9: =SUM(J9:O9) -> 1360000
A10: 2 | B10: ='Permohonan Perjadin'!C16 -> Hamdan Mubarok | C10: 524111 | D10: ='Permohonan Perjadin'!E22 -> Jakarta | E10: ='Permohonan Perjadin'!E26 -> 30 September 2026 | F10: =F9 -> 1 Oktober 2026 | G10: 2 | H10: =H9 -> Hari | I10: 200000 | J10: =G10*I10 -> 400000 | L10: =565000+565000 -> 1130000 | P10: =SUM(J10:O10) -> 1530000
B14: Jumlah | J14: =SUM(J9:J13) -> 1460000 | K14: =SUM(K9:K13) -> 0 | L14: =SUM(L9:L13) -> 1130000 | M14: =SUM(M9:M13) -> 0 | O14: =SUM(O9:O13) -> 300000 | P14: =SUM(J14:O14) -> 2890000
B16: Menyetujui | N16: ='Permohonan Perjadin'!H29 -> Bogor, 30 September 2026
B17: Pejabat Pembuat Komitmen | N17: Pemohon
N18: Penanggung Jawab Kegiatan/
B23: ='Permohonan Perjadin'!B35 -> Rifki Zainaldi, S.E., M.M | N23: ='Permohonan Perjadin'!H35 -> Dr. Ir. I Ketut Kariyasa, M.Si
B24: ='Permohonan Perjadin'!B36 -> NIP. 197712072011011002 | N24: ='Permohonan Perjadin'!H36 -> NIP. 196904191998031002
